country,avg_automation_risk,avg_employment_change,avg_remote_ratio,total_jobs
USA,0.5044317802316187,1.4189992356081282,0.49207479127390247,3713
Australia,0.5029717780115729,1.4663315495397284,0.4973137033140453,3802
UK,0.5026995243128964,1.1975258754538507,0.4939183139534884,3784
Canada,0.5023228609271523,1.3948718564237126,0.49506569536423845,3775
Brazil,0.5011074839055794,1.457599509750246,0.5055309549356223,3728
India,0.5002934217650243,1.4765947475397578,0.5031687060097456,3694
Germany,0.5000106923282545,1.3821254501114366,0.5009313552526062,3741
China,0.4984795376029763,1.4910308532062242,0.4990433962264151,3763
