industry,avg_automation_risk,avg_employment_change,high_ai_impact_ratio,avg_salary
Transportation,0.5079064463261405,1.2479147504796224,0.3335154329418192,89450.66017208413
Entertainment,0.5058790500641849,1.3923538471351349,0.32785622593068037,90131.00099358152
Finance,0.5050620263370063,1.4520694011893813,0.3394248857833916,90510.59937113679
Healthcare,0.5026756032882524,1.4435664039945801,0.33651551312649164,89494.07393264386
Education,0.5001354604200323,1.372261161470509,0.32606354334948845,89665.7287802908
IT,0.4987633795164358,1.765684866868824,0.33686498234175494,90941.67255093725
Retail,0.4960851161534306,1.3053829006484547,0.3349540788762831,90903.67746083198
Manufacturing,0.4958601037613489,1.3082499426432976,0.3330739299610895,89880.0345084306
